{
  "Parameters": {
    "Workstream": "edm",
    "AppName": "customapps",
    "Environment": "prod",
    "CostCenter": "CC-12345",
    "Owner": "edm-platform-team",
    "Project": "EDMCustomApps",
    "ManagedBy": "CloudFormation",
    "VpcId": "vpc-CHANGE_ME",
    "PublicSubnet1Id": "subnet-CHANGE_ME",
    "PublicSubnet2Id": "subnet-CHANGE_ME",
    "PrivateSubnet1Id": "subnet-CHANGE_ME",
    "PrivateSubnet2Id": "subnet-CHANGE_ME",
    "ArtifactoryUsername": "CHANGE_TO_PROD_USER",
    "ArtifactoryPassword": "CHANGE_ME_AFTER_DEPLOYMENT",
    "ArtifactoryUrl": "geaerospace.jfrog.io/streamlit-docker-local-prod",
    "DockerHubUsername": "CHANGE_TO_PROD_USER",
    "DockerHubToken": "CHANGE_ME_AFTER_DEPLOYMENT",
    "OIDCClientId": "av-edm-streamlit-app-launcher-prod",
    "OIDCClientSecret": "CHANGE_ME_AFTER_DEPLOYMENT"
  },
  "Tags": {
    "Environment": "prod",
    "Workstream": "edm",
    "AppName": "customapps",
    "CostCenter": "CC-12345",
    "Owner": "edm-platform-team",
    "Project": "EDMCustomApps",
    "ManagedBy": "CloudFormation",
    "DeploymentMethod": "CodePipeline",
    "Repository": "edm-customapps-platform-iac",
    "Region": "us-east-1",
    "Compliance": "Required",
    "DataClassification": "Internal"
  }
}
